{
  "format": "html",
  "prefix": "https://dev.hwdeveloper.cn/iframeTest/FaceSignIn",
  "updated": "2019-12-30T15:41:07+08:00",
  "id": "HMSWalletKit",
  "duration": 87,
  "title": "HMS Core WalletKit接入",
  "authors": "HUAWEI",
  "summary": "HMS Core WalletKit接入",
  "source": "E:\\HMS\\CodelabsTool_EN\\Doc\\temp.txt",
  "theme": "",
  "status": [
    "published"
  ],
  "category": [
    "hms"
  ],
  "feedback": "https://developer.huawei.com/consumer/en/support/feedback",
  "url": "HMSWalletKit"
}
