{
  "format": "html",
  "prefix": "https://dev.hwdeveloper.cn/iframeTest/FaceSignIn",
  "updated": "2019-12-13T17:48:10+08:00",
  "id": "HMSWalletKit",
  "duration": 86,
  "title": "HMS Core WalletKit接入",
  "authors": "HUAWEI",
  "summary": "HMS Core WalletKit接入",
  "source": "E:\\HMS\\CodelabsTool\\Doc\\temp.txt",
  "theme": "",
  "status": [
    "published"
  ],
  "category": [
    "hms"
  ],
  "feedback": "https://developer.huawei.com/consumer/cn/support/feedback",
  "url": "HMSWalletKit"
}
